{
    "score": 0.06087531217391008,
    "raw": [
        1.221817475954517e-09,
        0.9999974265085454,
        7.1166677555770065e-09,
        2.692264873918501e-11,
        0.9999984670326364,
        2.403818896320705e-08,
        9.028962951556034e-13,
        0.9999999993779689,
        4.420658736283906e-09,
        0.17905035851489945,
        0.2914287932283726,
        0.1599972478013389,
        2.990749466317915e-11,
        0.017142858630948877,
        0.17141663596499795,
        0.9999999999997288,
        0.21293610776116204,
        3.362737115936444e-12,
        1.140797290837605e-13,
        0.9999999800958836,
        0.6151185806793151,
        0.9999975732376587,
        2.4852082843575355e-13,
        3.85405759493622e-09,
        6.554588944225831e-10,
        0.06285714304035182,
        0.9999999974060523,
        0.11285714701494469,
        1.0738864398593493e-13,
        5.365812830689502e-13,
        1.9216998173520415e-11,
        7.986891684044067e-10,
        1.2880082796758868e-11,
        0.08211673521618214,
        8.135676390082604e-13,
        0.10867724867668863,
        0.9999999999996128,
        5.494647530615267e-10,
        0.3778490480513411,
        0.9997934776833937,
        5.302468053611925e-09,
        3.1089086869351434e-08,
        3.794526918950825e-11,
        2.378740202419415e-10,
        0.5762132325619341,
        0.35964610864521057,
        0.9999999999996015,
        0.9999999999983348,
        0.9999999999999967,
        1.326136308123731e-11,
        0.2612499999654121,
        1.0709471470038813e-08,
        0.15066429266206732,
        8.764248473619039e-10,
        0.9999999999999991,
        4.100667650073727e-09,
        3.77948810901144e-11,
        9.102279063364792e-10,
        1.381886163456911e-07,
        0.08587492294740205,
        2.6981286330698604e-10,
        0.9999961659332786,
        4.380788512718033e-12,
        3.049062318401488e-11,
        0.6624131781784586,
        0.34659426574280167,
        5.120136293892003e-12,
        0.9999938899538945,
        0.9999999841825697,
        3.4074502414987976e-15,
        2.1454123547284343e-09,
        1.0487452320706955e-12,
        0.9999999776878691,
        3.8357099743671044e-10,
        0.24842902671737993,
        0.028673357780114473,
        0.2729251776016945,
        1.65144516578496e-11,
        0.8186304630295013,
        0.5610632166302041,
        0.9999995252105512,
        1.8193363120303933e-12,
        3.306765611831811e-07,
        0.10414584536997816,
        0.9920280152657829,
        4.766788797010309e-10,
        0.9999999999999999,
        0.5045322939955929,
        0.10624999976255352,
        0.9999999999597406,
        6.010501512528099e-12,
        0.2611797575264685,
        0.9999999999999811,
        4.8562385464129244e-11,
        1.1008976428125109e-09,
        1.9926032244668007e-10,
        2.4352926937622118e-12,
        0.06249136463235093,
        0.06666666666669555,
        1.2294602723149698e-11,
        0.9999999908371168,
        3.003310109337716e-12,
        0.08128172620362746,
        0.841977989364434,
        6.371000556813517e-09,
        6.035811266108971e-13,
        1.1322869337389372e-10,
        0.24037036899358233,
        0.04666667505137311,
        0.9999999116882533,
        0.761139593612346,
        0.9999999998819391,
        0.4529118588095203,
        0.059259259715469234,
        3.3550141990615475e-11,
        0.17653708473638802,
        1.9080041132544514e-07,
        0.3009047082471905,
        4.353050140638024e-09,
        3.3696469177738e-11,
        9.350413190745762e-10,
        0.9999999389042243,
        0.6987464474968996,
        4.604834342883477e-13,
        0.9999999337339859,
        0.9999999999965667,
        0.9999999999994383,
        5.110369594520553e-10,
        1.6120807169065583e-11,
        0.5952371364880192,
        1.0375808599722466e-11,
        0.9999976206989988,
        0.26191805378640404,
        1.862855892466496e-12,
        3.5419903259375466e-09,
        5.8579543485980676e-12,
        0.9999998493809551,
        2.991665379889572e-09,
        0.2739680341006362,
        0.13982847837554815,
        0.06874994703051464,
        3.375448511242537e-09,
        3.506458313234874e-12,
        0.9999999999993683,
        0.1930436236076168,
        1.077430013171057e-08,
        0.9944601510901454,
        4.397565099475411e-12,
        6.77263681588832e-14,
        4.086227977654537e-09
    ],
    "neuroid_id": [
        "1.0",
        "1.1",
        "1.2",
        "1.3",
        "1.4",
        "1.5",
        "1.6",
        "1.7",
        "1.8",
        "1.9",
        "1.10",
        "1.11",
        "1.12",
        "1.13",
        "1.14",
        "10.0",
        "10.1",
        "10.2",
        "10.3",
        "10.4",
        "10.5",
        "10.6",
        "10.7",
        "10.8",
        "10.9",
        "10.10",
        "10.11",
        "10.12",
        "10.13",
        "10.14",
        "2.0",
        "2.1",
        "2.2",
        "2.3",
        "2.4",
        "2.5",
        "2.6",
        "2.7",
        "2.8",
        "2.9",
        "2.10",
        "2.11",
        "2.12",
        "2.13",
        "2.14",
        "3.0",
        "3.1",
        "3.2",
        "3.3",
        "3.4",
        "3.5",
        "3.6",
        "3.7",
        "3.8",
        "3.9",
        "3.10",
        "3.11",
        "3.12",
        "3.13",
        "3.14",
        "4.0",
        "4.1",
        "4.2",
        "4.3",
        "4.4",
        "4.5",
        "4.6",
        "4.7",
        "4.8",
        "4.9",
        "4.10",
        "4.11",
        "4.12",
        "4.13",
        "4.14",
        "5.0",
        "5.1",
        "5.2",
        "5.3",
        "5.4",
        "5.5",
        "5.6",
        "5.7",
        "5.8",
        "5.9",
        "5.10",
        "5.11",
        "5.12",
        "5.13",
        "5.14",
        "6.0",
        "6.1",
        "6.2",
        "6.3",
        "6.4",
        "6.5",
        "6.6",
        "6.7",
        "6.8",
        "6.9",
        "6.10",
        "6.11",
        "6.12",
        "6.13",
        "6.14",
        "7.0",
        "7.1",
        "7.2",
        "7.3",
        "7.4",
        "7.5",
        "7.6",
        "7.7",
        "7.8",
        "7.9",
        "7.10",
        "7.11",
        "7.12",
        "7.13",
        "7.14",
        "8.0",
        "8.1",
        "8.2",
        "8.3",
        "8.4",
        "8.5",
        "8.6",
        "8.7",
        "8.8",
        "8.9",
        "8.10",
        "8.11",
        "8.12",
        "8.13",
        "8.14",
        "9.0",
        "9.1",
        "9.2",
        "9.3",
        "9.4",
        "9.5",
        "9.6",
        "9.7",
        "9.8",
        "9.9",
        "9.10",
        "9.11",
        "9.12",
        "9.13",
        "9.14"
    ]
}